Class,PC1,PC2,PC3,PC4,PC5,PC6,PC7
0,-0.4427712770669401,-1.7585234115508157,0.2121529080734155,0.5303087802127823,-0.742314285631274,0.22833018088819973,0.47348340521020515
0,2.2043040266695195,0.0563391394029042,-0.9670217879941507,-0.264148093296569,-0.14658134640543716,-1.1405648970026554,-0.8499135405073013
0,0.02647284674759359,-1.4225257019365767,0.5021237543275642,0.8926790238152017,-0.5330767655776552,0.22901998248811226,-0.04929214657361536
0,-0.5192969163337026,-1.5605964566111803,-0.4498878516938437,0.6441292119694817,-0.23941429308787673,-0.36084529017325834,0.21927456218297378
0,0.34972014530455486,-1.1156918385361436,-1.0334754919999969,0.2804854538362582,0.11148091821459619,0.1063763236929082,0.11328790145060409
0,-0.2690912524446694,-1.5705370419139948,0.5171362401708758,1.2631700279984246,-0.3753304912201023,0.10367865670697805,0.40092636951029054
0,-0.20765133338012337,-1.3951789712970235,-0.43666114012072493,0.3414957307293739,-0.36318058648143203,-0.24704577218668294,-0.23766219794721846
0,3.5050663170511216,0.12965420529066962,0.6437806708294228,-0.7393853577237154,-1.601835895091784,-0.6691058538940711,0.5483942540125368
0,1.6802053793373157,-0.6306836092415916,0.58471256106822,-0.09670257821644214,-1.202476005114651,-0.43954360776506785,-0.16841408537365857
0,-0.4859437819208388,-1.035654087390966,-0.3666701903763432,0.17526329698383863,1.7066965073430334,-0.9380339979664045,0.3021233168847501
0,1.237010020839077,-0.5170423229827903,1.3635585665461023,-0.3968903670856754,0.6705473728699632,0.6882884534190821,-1.0071075330507768
0,-0.424876961110451,-1.1854815306069153,-0.44928930261403877,-0.42363488143168265,1.3418970699309725,-0.4836031694865848,0.5659109079129716
0,2.5203848873408767,0.21038825010228246,0.5459082388665617,-1.3949876149105158,0.06772800035521383,-1.9772275874270655,0.6574346331706908
0,1.2363873555341356,-0.5825479800432203,2.079979241134625,0.02032985663003239,0.4984668367746299,0.8345749037952791,-1.0099680370054775
0,0.27094807996392933,-0.9389309744980309,0.0733655793463467,-0.32007200877776093,1.2606871846148555,0.12616276442147348,0.381906742023545
0,1.325374550419663,-0.5592114917566575,1.5016462636280876,-0.3844134170207355,0.20261269149840216,-0.6077108122965043,0.543314879745873
0,3.1085430863982535,0.7536450836535877,1.7055533816032444,0.26013655899656185,0.46238363776172975,0.21009091610059222,-0.5668766681147459
0,3.8883345161433778,0.9259010489989016,0.4438304579050112,-0.993275908920859,0.9693854904924514,2.7605742571951586,-1.1703350423010612
0,1.0686354528585016,-0.46627356621593025,2.4893778184057225,0.33683964403952477,-0.1526328844613706,1.1104958806364742,-1.0549181597335315
0,-0.494461379609193,-1.048591268535763,1.2233479919304597,0.3857193349193567,0.2682575994612361,-0.14724760911739818,-0.14233307984778645
0,3.5273214202021554,0.9271484277953929,0.5211962760571406,-1.1467610759445241,0.355762747147528,0.5021934501152322,-0.7740694139551558
0,1.7659133796444124,-0.06687647696604225,1.340384459659558,-0.5331113386432047,0.16767848111162262,1.3789267636667404,-1.2322478163953223
0,5.188860437348044,1.48236057809538,0.8261235989384219,-1.092243181352182,1.0036419576491689,3.674844205077187,-1.6423240889225448
0,0.2805179741746285,-1.3153968948390167,-1.0561465785381565,1.431053899890222,-0.5078182239200937,0.31985742683661444,0.5641509725946683
0,0.9308149210822482,-1.0957097034162409,-0.7184402136997922,0.7213764554714764,-1.0305867936537003,0.8501234637966871,-0.21791535531969802
0,0.14608625225693528,-1.6661117844724156,-0.3108649364218249,1.0652884122362496,-1.294934552601897,0.8842289561453067,0.7602801014488699
0,2.037752656192616,-0.06513473913581358,-1.9028120679157496,0.4141109179357472,-0.5254360644383309,-1.2764911408006134,-0.4993903852691198
0,0.7160733508998882,-1.1130198786696535,-1.0398455238333353,1.1530082585598025,-0.5882202570792725,0.5695487987919674,0.20061894316923073
0,0.9638628620707845,-0.7690918910940532,-2.7326084125728105,0.5807260095952783,0.17227328806903874,0.22762571251891528,0.25059302966806246
0,1.1670027166497596,-0.8931980939269181,-0.862377144538588,0.458654295245789,-1.0384172256911952,0.7446435543054154,-0.7874580769752764
0,-0.43213369399358076,-0.8388028894352669,-0.34916012420158105,-0.49831434449177797,1.0827795853678,-0.049321996609004534,0.7219049667979979
0,-0.018689219907549137,-0.6056178887696126,0.4553393610692096,-0.5726787080121873,0.6579898963301978,0.025079443095853738,-0.3977623045376888
0,0.025520649794233966,-0.6557277078347495,0.1842895899452588,-0.40321263789136447,0.9352291681613286,0.2817351446847659,0.3470603930712891
0,-0.2310875312268664,-0.9227585065318226,0.9048813941168456,-0.42793853431365286,0.3837883492283968,0.4355347151329569,0.3049312582731652
0,0.004294720620900248,-0.3331142016897573,-1.0981585731946524,-0.47589685184378255,1.7257416320776495,-0.49296892325438557,0.07287002424137722
0,-0.4088013318978157,-0.715587259955809,0.0404942760713826,-0.3827788182515177,0.948256233585458,-0.35445329093505823,-0.05113435580539151
0,1.1722750566184867,-0.1893553669831298,0.8844128512003919,-0.9940037285514564,0.40382231423328896,1.066595834106272,-0.8250207929626446
0,3.6173186008983733,0.7272630973269442,-0.6589177075195991,-0.6291386611088264,-1.112117354420466,-1.610847997115241,-0.44481947545780964
0,4.978885752699232,1.1844518416232284,1.584623347350915,-1.0785284236666652,-3.2557923944220466,-3.6514272995166697,0.08349934682439547
0,1.460031794397084,-0.36473229912391797,-0.3571311117920013,0.633331548977758,-0.24056955438326968,0.4600693611283143,-1.3790469313826772
0,1.0904627935302857,-0.32280298178516253,-2.1709305090671536,0.07022001883875034,0.4346338322194532,-0.2258864430084604,-1.034759867596524
0,-0.4492843415793522,-1.5378937018514844,0.16058915231616988,0.6207943279272874,-1.1204524500746496,-0.06305794056803739,-0.3322264420886955
0,1.2527605932274881,-0.2659039211419162,-1.8612752006065085,0.3967393217171509,0.5021898680689788,-0.06893277762122298,-0.9584324239210952
0,1.6439845815551413,-0.9391787078537037,-0.6021861247280883,0.5070672880216439,-0.5197274267077228,1.054508345322249,-0.4799527395769194
0,2.365081612198034,-0.6619044378173545,-0.18189459452049944,0.09406519727747245,-1.27216688498644,0.027945181028479208,0.15161170521333941
0,3.2563499861775145,-0.156415965934614,0.19304677241574533,-0.3619598110068605,-1.9534731040666373,-1.2815402547857455,0.09604301907662667
0,0.7877346579429026,-0.983064337543233,-1.9880382901349873,1.623926752131627,0.9101199780644911,-0.18191563502828773,0.5759675602149908
0,0.25668050819378374,-1.1769830372032768,0.7623438905019008,0.21657369042955066,-0.6935531394633262,0.5835875713000479,-0.40560798312443436
0,-0.3962100701611588,-1.3346458006329716,-0.29743098840827176,0.49545940654396564,-0.005500029827185855,-0.09065655447731001,0.3806624975538907
0,0.806759096594883,-0.7217903127924808,-0.5894501492287946,0.0632561071962306,0.21184068273288423,0.5229681965884524,-0.192619966291708
0,0.31285325617643794,-0.7489848144217747,-0.6233630165686463,0.33053217869884893,0.31742341177862654,-0.2952793241783788,-0.711092422058297
0,0.9932811778025937,-1.0575596727581382,-0.6624475610345504,1.3962055948620482,-1.0204352226455295,0.6476228881161168,-0.4084362339740148
0,0.7474144156058273,-1.0005060435843196,-2.2343657236484935,0.9967553125379649,-0.35922775450687466,0.14632108807351757,0.02830205919865908
0,0.1137668647051646,-1.341746078178051,-2.144834538071095,1.0771419163256026,-0.5358580727149043,-0.13740767187024852,0.32837977921403533
0,1.987648983347389,-0.41134284075944716,-1.609262008907564,0.6604644470427045,-0.6361905401452852,0.8154771421611907,-1.181791440985514
0,0.1809306581911984,-0.4651619334927686,-0.8207443621957526,-0.11446100165121756,1.4017437860141742,-0.22426691495665807,0.12922373822147942
0,1.1723197984578386,-0.07060003740647024,-0.31310196607868024,-0.38138913318051876,1.162787626340505,0.510840344732534,-0.5049989437518506
0,0.4576421634456292,-0.5643764557443468,0.3516539070050812,-0.2230699203927488,0.6441768672171555,0.4311070741377525,-0.17419050745973322
0,0.6108985909268715,-0.1360326388042218,-0.9514322115479061,-0.845548101067706,1.5241743609589848,0.1267279638023415,-0.11003116155459122
0,-0.668816511307755,-1.0587761120859795,0.426336593617609,-0.3957497988734933,0.5846850724890578,0.08468638411026294,0.6342412512603371
0,-0.23560439344553805,-0.5565686534078182,-0.3283096948587492,-0.3869038108141209,1.2208511230061079,-0.3566521809762068,-0.013450042487025974
0,-0.19552442660314517,-0.8717070930971662,0.40226535704177857,0.41696285830587754,1.3610223377456885,-0.08760611976126402,0.7380502036929644
0,0.5563885330221227,-0.13161403390972076,-1.0442792154834097,-0.2669018494133196,2.059094623350116,-0.5660483403551773,-0.36640464384840526
0,0.5302303076905439,-0.689114025849556,0.8971353642920574,-0.33262590712728857,0.7223179066560217,0.6619393446766572,0.06858983730398412
0,-0.6015680945129817,-1.4316793375798202,0.661334989046771,0.21312700075854077,0.5506701481281374,-0.2295121250852522,0.5207142156411861
0,0.24171859310716357,-1.0146245520435724,0.032564632874327246,-0.25908879408366725,0.8471973898882148,0.25617638125220743,0.4254767453828786
0,0.6513360407126626,-0.8619325874331408,0.24248986324236496,-0.5066330642178348,0.6550672084881957,0.5730967958042515,0.0717404051132688
0,0.2445173147177934,-1.0781560393396727,-0.7752626926657825,0.31729142010902933,0.4162011171671641,-0.10080557234084693,0.05528219829317868
0,0.3652108117372084,-1.0446777375518148,-0.7778361890173664,0.328307755430095,0.4527693812087409,0.03739464318684121,0.15003057780719095
0,0.35688014594539336,-0.978148241002615,-0.33878141922125354,0.9313674886160703,0.5967008052167012,-0.13283607677735088,0.007300988650925851
0,-0.23312198804054787,-1.8690331614892763,-0.9998514540868038,1.146644929279998,-1.2682810906720163,-0.022012632735742867,0.204357790365461
0,0.47700919017774696,-1.4442050060425498,-0.8209063648918352,0.9078085906926031,-1.3323217802535405,0.14326064114679923,-0.745794247744881
0,-0.2785652527755413,-1.9614408064724438,-0.601307423793798,1.2347906808497473,-1.4781453947680978,0.10782872933981605,0.22126187105860132
0,2.3461120145484413,-0.32047159667434877,0.06446244928050955,0.4917084291739387,-1.66523645783043,-0.22400598416487166,-0.6769330365171381
0,-0.20128816624028703,-1.7574071206750757,-0.2801914056729301,1.0854240161467028,-1.3765284903999233,0.45962309118912104,0.467975421202704
0,1.1564783548277313,-0.9337821995615656,-0.7787280543547231,1.0265061212424,-0.7182596031885904,0.8649221871763331,-0.1678951828507965
0,1.314042766584862,-0.4967515674007774,1.1604314277255454,-0.437710333638104,-0.5375344832073146,-0.8256659433481482,-0.2781981030627965
0,-0.33708419898086867,-1.36212423801629,0.4945640450487081,0.40563437095702837,0.37811625635286356,0.0807998986343943,0.6041674691848102
0,0.8013094656791067,-0.5592134747502832,-0.06516949890292523,-0.20355491530098951,0.6644058511123426,0.08172307388110278,-0.8474786809160659
0,0.6056863710918711,-0.927438602038514,-1.452389207107488,0.8840378654078613,-0.08465788972869369,0.20619911117309755,0.08417567049723185
0,0.6665337012239383,-1.0875951143471625,0.009145662192311945,1.0010417206384188,-0.918353545764915,0.615467926866239,-0.4204380260043006
0,1.2324561419122495,-0.36682253775457924,-2.774513863595324,0.4331971394695479,0.6374251033764069,-0.02163789972512108,-0.3519571294467738
0,1.7965582020720832,0.2995035719353356,-1.769471782950662,-0.3789335120091748,0.985013407946671,-1.2603977480644555,0.3653636013430587
0,0.7057447682056692,-0.4976944515127765,-0.36693266889813775,0.8529463140690275,1.0077660247705502,0.3563853506391489,0.3508034688420746
0,0.5249547317146268,-0.9626135819128565,1.1486280222142018,0.23023414096333136,-0.4503497031225201,1.0363055835014514,-0.05494356960159828
0,0.7621514226937836,-0.26708575058065864,1.7378845326210577,1.0865547853121817,0.35770222267283625,-1.2228289896076738,0.43719844917833106
0,-0.6117262017443423,-1.10062300609026,0.9445021971415057,0.5026842788076583,0.4561721992099204,-0.016616867930461694,0.40404403698134556
0,2.1276012458844082,0.49504484374518454,1.8487540507664566,3.065468813261328,2.390629941512914,1.0681116566631432,0.20511573574342945
0,1.0062592774562686,-0.19921764434504163,-1.2284023372916966,-0.13389896431319095,1.9543096077519007,-0.1345279228897276,-0.15444998115891426
0,1.5477316940307544,-0.12725989440954225,0.28683603621585896,-0.1068374334474624,0.7561730604689947,-1.013930044023783,0.40178425609280216
0,1.6868255840800896,0.4543359232409635,0.7766211316639487,2.6744166399887535,2.4400225433266156,-2.0467141786079077,0.38320026715926747
0,0.06450403886273968,-1.5273455316853979,-0.05500269082896613,1.5026886897237903,-0.6837794599931919,0.3904948580011808,0.5405347984859912
0,0.875038954944516,-0.9624727204426028,-0.08204199956718713,0.9337117610479303,-1.200572226880519,-1.1839572137267917,0.37296896135137664
0,2.2703323796255086,-0.4337260910446431,-0.8140452692301323,0.29943356939308224,-0.8299396039973489,0.0296661551916929,0.7729717696112531
0,0.33725879599952197,-0.4362567628989322,-0.009555885139188456,-0.7833685805186004,0.8829206101530463,0.3373848215348009,-0.18856454667465633
0,-0.3986447681860215,-0.607419675091816,-0.6272481751953388,-0.6977335816832485,1.1548223149460175,-0.5170525169991322,-0.13194647921245045
0,-0.534974562391001,-0.8846426100413177,0.5683839156836784,-0.4332963269739995,0.5252294026577738,-0.12752843077245518,-0.08123423713302946
0,0.5374294298226422,-0.5759649971474697,0.47234310232234844,-0.4850676064899293,0.8786967374829736,0.549030392446097,0.014160984984097765
0,0.1860656809018876,-0.8267890460734681,1.0018842271823027,-0.551311209429535,0.40241580274930494,0.49740070476990883,-0.1325122184838661
0,0.10116655836067337,-0.7783033900802045,0.5889701747910219,-0.6911878100862192,0.5553238542254111,0.23628421184339612,-0.24013373226324553
0,0.26231018537013373,-0.936033741392532,-0.7632950276683135,0.7599867696111194,0.7310055845576418,-0.38871347116569155,-0.11288891638911074
0,1.7878788519276805,-0.2938085037208172,0.5046060541048913,0.4278128626073426,-0.2753548048987519,-0.9470498032017417,-0.3288394436758213
0,0.6494555676589183,-1.089225456046172,-0.19934018868838876,0.4620712703996495,0.22907444505418378,0.6519964314214162,0.44706344612828086
0,-0.4904947447295382,-1.1472517164577205,0.920735485192817,-0.07095654244018089,0.5672408719625495,0.29875204688427315,0.7739874233040611
0,-0.7486159642070928,-1.027111196565422,-0.08484761993480458,-0.36508444109362087,0.961808851499624,-0.4335269202109543,0.45151302945694693
0,0.2689186602809557,-0.5610290299000481,-0.00963629101045561,-0.80158735172441,0.8919410187652389,0.185589146756148,-0.1915518403539778
0,0.09749456635038424,-0.5828593988047314,-0.18354682967496777,-0.4376258447684065,1.180108451284058,0.1350522385074692,0.2832245038044953
0,0.4561091936055826,-0.22622586573601788,-0.35167275167838996,-0.32370423853165536,1.4878860532713871,-0.1069075603478388,-0.33642337128464145
0,-0.19977514798986054,-0.788952559360547,-0.15472269001808597,-0.4469669067185514,1.13029281093977,-0.30496345311230094,0.01104048883546991
0,-0.45654887216347306,-1.3593336528703945,1.1982404906778994,-0.28799009219254507,0.25926282855455113,0.6052292245839721,0.87224101384131
0,1.7328533395776051,-0.9622517257115308,-0.40620300189537634,0.40750651317566544,-1.44609616290749,-1.0477515888095421,-0.5394482299565909
0,2.6807948579384764,-0.31315398822859547,-0.8758579894156999,0.7352062963107662,-0.6530572729945822,-0.9106107572489754,-0.8225359950587152
0,-0.2515416985503489,-2.038069119842309,-0.6233210174499082,1.183658555261303,-1.4676016179693894,0.10626196629365936,0.2999672578982115
0,1.3927927731305392,-1.2813798147581876,-0.17132277001051535,0.9177728474761025,-1.4891514822782324,1.1112478165731488,-0.6423950369460412
0,-0.0893381273598887,-1.5290768861905337,1.0255644940514765,1.5052480938468655,-0.0013092891091923955,0.20598172291495448,0.5991770543488466
0,-0.18692495818097485,-1.2026720015813341,-1.347659382805336,0.5505541381465519,0.8555399809737187,-0.7083702681119166,0.361048262214054
0,0.3535297287545704,-0.8794711365654355,-0.5645659133620857,0.05612537561552457,0.10347451578127347,-0.04138177211888794,-0.5330897547025027
0,0.5690208056227748,-1.1437146603412836,0.01747575459285393,0.15328872049696637,-0.19734608913025575,1.0098786586558626,0.5704858546035473
0,0.20708155821363702,-0.9170455799092164,-0.7353564239677335,-0.25972633870080847,0.8667610827837374,-0.038772076365042867,0.20022607265187195
0,-0.2964311605124655,-1.2361988445331873,-0.392648324762553,0.011464522078999537,0.6897268384972388,-0.14246355533245625,0.5900677244352537
0,0.979960550667943,-0.6112470429314061,-1.1823347327322422,-0.3612287877899864,1.350871496558815,0.07632617102795589,-0.09196427573886971
0,1.5390402305703745,-0.4230747448877748,0.578334234908209,0.23839110506546565,0.40839452152470973,-1.0405357126669825,0.3117446832007539
0,0.7257414847555222,-1.05307809416297,0.28725737635990034,-0.306209258019922,0.36105273350702144,0.6471830314189306,0.007673521765534215
0,-0.04509615712917111,-1.4888730139215887,0.828736643931465,-0.026549696685993347,-0.0008461871034711597,0.33432016399283176,0.21781410367671938
0,0.7630919655766573,-1.2893416797927895,-0.978556051944615,0.8511873192566947,-0.8116541370176287,0.8180303801306215,0.29445143978768257
0,0.563724384418909,-1.28920708647283,-1.1387940374882317,0.8665108003614265,-0.7390825358959447,0.4628590986839966,0.08844074755754174
0,-0.10326976973241207,-0.9456968771143239,0.28594807448187454,-0.6368595041829882,0.725451809787127,0.22758920975435223,0.3373111073382598
0,-0.5961077582701589,-1.133724209508088,0.7569123244973659,-0.44349254342264793,0.44407040764553257,-0.2207622674288679,-0.039558466926483266
0,-0.7101375937628498,-1.3643708887553954,0.9618101569722876,-0.43537308948173375,0.2406193676976083,0.2860043311513861,0.7217754899810273
0,-0.9386594007926231,-1.4174025760617168,0.9895485076086008,-0.40311974176937293,0.19466682438565255,0.00037045386036381196,0.5269041357159723
0,-0.4429471830124627,-1.839231726982161,-0.5200850322516072,1.1429315937571263,-0.6778805065354965,-0.426223916508149,0.16396182085965708
0,0.05800198063877889,-1.7280629602302955,0.11404992947428386,1.0624069334568895,-1.0093267470260225,0.1471962678525845,-0.0848403032490887
0,0.4478917405211502,-1.0977255162596902,-1.60438043930757,2.59418235277126,0.8499085801504745,-0.9292413013676903,0.0811940680619737
0,2.9872092115018503,-0.8489120950586593,-0.2586413759431233,0.8848274690096958,-1.0120414689856572,1.287609020755052,2.0859928426789285
0,1.18264919760675,-1.0315489212561262,-0.42958884354898674,0.9467945226376234,-0.8078982191771905,-1.2311114980728355,0.524280151427169
0,0.4707431295347227,-1.5580207376262891,-0.545251134667838,0.8219011773587771,-0.6437144947922145,0.38434057989413584,0.17609467597678763
0,2.071346447496425,-0.4215553799867012,0.4065280369702955,-0.5679318444668834,-0.7972250324049741,-0.5183378956301729,-0.5461857184134637
0,-0.11014621575352565,-1.6775629625686312,0.6487279478648568,0.23201265508283536,-0.6314717804873209,0.3373728514596986,0.11703694678233793
0,-0.9243940520205249,-1.3468089591082726,0.6946081436629079,-0.25776817866077234,0.5196303817287942,-0.31747522732794314,0.4514801797662285
0,-0.46525674614871754,-1.2808961702319392,1.255321192106077,-0.5147223986131085,0.09983619073187511,0.28595365729864003,0.2201454901778329
0,2.5545381785489467,-0.05465818738748315,1.3369379723238397,-0.3868951261459816,-1.1316682951335377,-1.5302113289964447,0.5756330243716488
0,0.29693544299919905,-1.3315834919140255,0.8747151286500948,0.29525003966815444,-0.23134087324274263,0.8524758508616412,0.4476459637905897
0,1.4151110552217543,0.07207261362674791,-0.20752789464725035,0.44576554785468814,1.3822013871131282,-0.1731748352322322,-1.4066091524181694
0,2.208186006040327,-0.1524990905313574,1.4869099919231155,-1.0202286133202965,-1.3288956822758098,-1.5327780740354326,0.5923284984935085
0,0.6578188208342444,-0.5785288988716413,-1.9498385071245883,0.31197956581401326,0.7374299505501304,0.05154837976143687,0.14443657268287857
0,1.498071633353254,-0.3550785798913786,-0.44396477997705996,-0.017878402914858246,-0.6116568748975287,-0.7048207771503965,0.24910864504143385
0,-0.175886116929046,-1.859719887191238,-1.1945857230243069,1.1244373570937238,-1.123150572120298,-0.09644028130601957,0.28042264299200476
0,0.868849908084435,-1.471444130783814,0.25841874607065,1.021279182360012,-1.822430249028451,0.6826564736105261,-0.9973293193661883
0,0.6823458297177386,-0.5365149068638,-0.39440258054144905,-0.3961397921804184,0.19463695213317395,0.2004167663968462,-0.8850034951227926
0,-0.2785288482627639,-1.0824524143652037,-0.24045853959758878,0.5422620227361573,0.45420768407299905,-0.07375274496619207,0.49560247442361127
0,1.7242508635603573,0.2212438721621447,0.623459899435228,0.3330863011515235,0.7991855244563328,-0.6945420925031497,0.4386175366462114
0,3.0270401354408176,0.6064642549281954,2.788927885014487,1.844443641477419,0.7851314746350355,0.6705715034705062,0.5754835773423818
0,1.174589296695429,-0.529418378147912,1.3774792364296606,-1.047451593730493,-0.21079938569118414,-0.8424420370975575,-0.13518887863468204
0,0.4572085024398625,-0.825085261373685,1.0687143100613705,0.002361254434246539,0.8948508064986295,0.29362972441004687,-0.15122372687965072
0,6.35408162348281,1.7310897245375159,2.5329412897531327,-2.079366592067285,-2.3159994904113486,-2.5626874699654256,0.020363291478543825
0,-0.23542865818718642,-1.1062169764889833,-1.1011755422395924,0.026132637506352332,1.2122119428644529,-0.5872617416206719,0.5007945234691924
0,-0.21838254754204847,-1.8550931735697422,0.552878102943112,1.0572476642114237,-0.972648015818642,0.4692098326944074,0.5719301972769831
0,0.4938669991753507,-0.9959420324260094,-1.4663176607368558,0.28443401217102854,0.030836446659528397,-0.3514280927761785,-0.6580037460551398
0,2.461116225350527,-0.20379115933219627,0.5087117394066805,-0.5612015470125474,-1.1409527569265003,-1.9652142927244134,0.40816803848461986
0,0.5835743424411292,-0.9388814965541149,-0.5869792672428255,0.4037748679009785,0.5016883714885569,-0.21054148621762658,-0.4904753203522262
0,0.7578895831480401,-1.1385973899678152,-0.8665579316122538,0.5988480106359674,-0.6451768532109251,0.9640077384071882,0.4303001159957737
0,-0.18959400752690506,-1.5280538939148915,-0.6845886647308088,0.8497581772897528,-0.829572020651693,0.23105290849668483,0.42597796533024795
0,2.0524212565133495,0.25959509214078724,1.8513422739841179,-0.27782686029229653,-0.7633818983552324,-1.4382166159121519,1.1219558509846839
0,-0.16007261078395493,-0.599698430333041,0.2523252591369562,-0.49076940982815037,0.3199842533656338,-0.05358086415045361,-0.5431381954480274
0,1.1866898665198276,-1.0944742159012142,-0.8801337857087622,1.1654705508604248,-0.5599419115851834,1.191358296644462,0.6274926179784718
0,0.14609921318173275,-1.2815360679886247,-1.494323240367019,0.8391043734958488,-0.6218318051648491,-0.2310471553056892,-0.24119337702254487
0,2.0420948256653624,0.038147169775840116,-4.302125200676724,-0.1670061572481675,1.5996145099212262,-1.98728909650975,0.7550747957844366
0,0.04897875769804362,-1.2823995772244525,-1.7619349309184,1.0867833519607912,0.6850166797010077,-0.7801745044797482,0.24020406279914994
0,1.1607051933757992,-0.9367184575542775,-0.4899170014161081,0.19418181057869766,-0.4982142047620475,0.6496574742004769,-0.6817014497030475
0,0.3381992483532318,-1.4500482614106174,0.20000372595238253,0.395770706399894,-1.0262092431557763,0.4224905418423611,-0.45101598816197297
0,3.0487335007808047,0.523356469863253,1.8433449034771372,-1.065360734388025,-0.5855892945893701,0.719598865398647,-0.9937652704233292
0,0.9939608270033843,-0.844169217875004,0.9783461539677956,-0.4109538339966908,0.3751316397021592,0.819934009140369,-0.43414843999014513
0,1.3955540939505764,-0.3238185206238785,-0.5223093247090789,0.14353619106048318,0.9849741714448498,-1.298058127811737,0.8824124038178957
0,-0.4723415284060618,-1.3833240818116566,0.4735886103721439,-0.34556668208242086,0.7642197499377011,0.013589481795056542,0.7423128109191125
0,0.7969006776708033,-1.3600653382098384,-1.8604553532122747,0.9639741170423062,-0.5305907405639301,0.25102857008035245,0.0697694889080328
0,-0.3908015736678564,-1.7884505526903953,-0.9887491531273961,1.1900732183680043,-1.3155485823206585,-0.1492409588058503,0.12864389517976377
0,2.3278108026086377,-0.009718565139898518,0.8996060723157961,-0.9921641083760417,-0.04534405315969903,-0.029525450298739816,-0.14767831695631167
0,3.5524888110212482,0.9163333698447536,1.609551270159231,-1.406833821769531,-0.7891424274830627,-2.8257672329960135,0.8060349465757731
0,0.3095766930945052,-0.9955024795716807,0.4326692506194126,0.3949409709139094,0.5871817729323807,0.35427313767939456,0.3018464159016428
0,0.562714104165394,-0.7985338516341492,0.408533744241633,-0.28690509897120575,-0.1688540080483022,-1.3324917786594672,0.5487122946460403
0,0.1168970043728906,-1.4533703788617163,-1.508243622046208,0.6102889308635095,-0.2369069798731127,-0.5033261631577938,-0.25411356767194043
0,0.6555136902832335,-0.40133275372237825,0.6924881068779655,-1.0274906506993104,0.020021972252525756,-1.2236698815332068,0.14935588959231177
0,2.3172528170889346,0.4054111988405984,-0.21132836067887226,0.024607901641248695,1.7087033064348403,1.115816450334055,-0.5746916890994664
0,1.2787955912712967,-0.5870026931491112,0.6386827608991295,-0.6111663646134708,0.14749576359802727,-0.8750430351625529,0.42007490850301404
0,0.8833498885614061,-0.6904242553489651,0.09831530699860998,-0.5321643317327264,-0.07632254163313541,-0.9378961910971692,0.877818983700659
0,-0.6227869143496158,-1.2467263005297677,0.6265087895693612,-0.37498882527336536,0.5302169219372829,0.1284017451843591,0.6905592595800432
0,1.1576593791630967,-0.7620636035134148,-2.95425626624161,0.4759968403648249,0.40849239566062767,-0.30167588835552933,-0.5073144906142741
0,-1.1994112360320472,-1.6269476719605893,1.3976154424490053,-0.338437710115554,-0.0675968349779347,-0.1554674670519637,0.3612279288409313
0,0.9057046253729412,-1.3147976406252828,-1.5437883919278834,0.9293161823410381,-0.7792285471825181,0.7040357182725275,0.32813353693123604
0,1.2229611537621226,-0.36215538911077655,1.371012798928041,1.0874838276733385,0.8138773798573972,-1.1347701764799658,0.8072613094755642
0,-0.9102629465174231,-1.2820102786740077,0.8005813153860547,0.14212177213976432,0.23900373685537157,-0.2378084896567361,0.35236784585082304
0,0.7907880631186893,-0.35081559657914174,-0.274311443199729,0.9276832431746218,1.5878015042275464,-0.39266158824521724,-0.518009473450626
0,0.4336206915602828,-1.222398709574832,-1.1800060479837657,1.164231163873329,-0.5237733890240429,0.05830663166628893,-0.1532922932790638
0,0.13836843155443362,-0.8856421419579569,-0.8861789996877828,-0.2083545460193788,0.9912694403139832,-0.2618390953319631,0.08113031492195628
0,0.2178084625212471,-1.338951696890202,-0.8082024695092768,0.6536788450804415,-0.7387370386997928,0.24430800410498524,0.012406957270343532
0,2.867472744037545,0.1530513780666731,-0.6550959789949302,-0.2652261266164445,-1.5582258829469864,-1.5942005611694297,0.4430142219263715
0,1.9384335872992786,-0.2814799221418779,0.43665989981842557,-0.6290535835800513,-0.44550403646500575,-0.7680309595358198,-0.6224032906013822
0,-0.36060299439785487,-1.8828027277410144,-0.4124430941073792,1.290732989564873,-1.6256208782368522,0.19485997922670373,0.2413068313276686
0,-0.7758200267421368,-1.8990298596096935,0.9656621810402165,0.304622834101912,-0.5232774472989615,0.005849951624751077,0.43984634923080596
0,2.1369661364489403,-0.3781594759536532,-0.33648660970741645,0.17936513688219863,0.09236854269973427,1.289433336608339,-0.7246826659795456
0,0.7339464726591051,-0.30748485102299566,-0.052090183992918475,-0.7151538038768774,0.7346387634930399,-1.3550348727806971,0.7577979596807373
0,-0.03458968890276083,-0.25423836666134686,-1.1409208737006948,-0.015131358411490974,1.5876695100385667,-0.6407445902579398,-0.10829707678449564
0,0.19477025747714696,-1.1043173273767664,-0.6483464836671738,0.756701650748967,0.16670270882327826,-0.17882880176176652,-0.04493054258159176
0,1.5042966569949046,-0.0725196729955459,0.43327209081889284,-1.0840696198681752,0.41525482613252224,-0.896158072468197,-0.03576855672130669
0,0.34697128075702693,-0.9099900287892234,0.9856520384665322,-0.5979936952509817,0.45373786242873226,0.6258907765994849,-0.019898774046686392
0,0.5738605853940989,-1.0829188190044927,0.7933333134496032,-0.5083063352897995,0.28899339520094175,0.7804018568147258,0.08054993645391663
0,2.583713547664395,-0.029059368133209987,0.5371775239611724,-0.1691162950192665,-0.44499926027224057,-0.599679626876342,-1.1336841504246578
0,0.3453789200550945,-1.6495435678528756,-1.3709579138860062,1.2079698830464634,-0.8329458867305395,0.379068960343645,0.648048375241209
0,4.184775177824976,1.2320950975348663,1.0894253303361037,-2.0597883993710244,-0.7543509075355022,-2.3703996958232034,0.6495384544886617
0,0.2852498280418656,-1.1725347471737781,0.49866846515658086,0.41851600797208893,-0.4180615726645499,0.8439614545593503,0.3437479065907333
0,0.8456531103978043,-0.5141569337570664,-0.5309756223764436,0.08812518521246412,0.742757311819287,-0.2019313229225964,-1.010860538908848
0,-0.2586874721211741,-1.8159519063924292,0.19386891786988675,1.0301526327651889,-0.7506976073855403,0.18075802256915283,0.4293937992439487
0,0.5586834845761918,-1.2640494680159113,-1.8289964281310676,0.751650529756456,0.09331494791238581,0.3413179477088624,0.8323814454955193
0,-0.12322936392009987,-2.0292691964069958,-0.9725492475939669,1.1937687416524443,-1.1586468096918543,-0.06044597423393959,0.3104962326062451
0,1.0227224833098845,-0.7530454846879447,-0.681217248004977,0.5772729695281644,-0.24107514002095037,0.7687537485783474,-0.12476967629740424
0,-0.008760420891507676,-1.082995051647589,0.9355382046997359,0.3013371061765132,0.0608582785870198,0.4725323745778087,0.1812921275203458
0,1.197279018974263,-0.6390030793777158,-0.922453255355676,-0.399738586326697,0.7840198301769266,0.2005864967112551,-0.6589912369534725
0,0.7908138214693963,-0.48734342384435303,0.22642329599408506,0.7171209378557417,1.4979364847207752,0.461570521472492,0.5611577438090019
0,-0.16940063810296602,-1.38720727542586,-1.6121922666005897,0.44278993365983166,0.5187252654644935,-0.6496146649603889,0.28608961766072455
0,0.8182082092615031,-0.5881899025361064,0.0589789576932706,0.45636035353373744,1.03460709911256,0.18378511680637277,-0.24448118570198554
0,1.0409750583847746,-0.27856243480141424,0.4130637994364419,-0.9115050754506959,0.8194675858508726,0.37949878148779564,-1.1017696913240782
0,-0.2688185347777289,-0.6870102316662197,-0.8179313911755733,-0.34655353326785415,1.5593689793639636,-0.30509397483994116,0.6314130312655651
0,14.396937581001524,4.281237781151308,-1.7607185431142764,-3.3984330631098287,1.2217825214298268,7.8344293660216096,5.680941222759733
0,1.0488526339116766,-0.9929333178802601,0.47868339849510216,0.8788849958543538,-1.0910174412629363,-0.8140951555499373,0.6573824502672027
0,2.7385047053428146,0.7764071435858745,-0.08792802074977205,-1.6029601749767484,0.6590858241057822,-0.17078209110397324,-0.6505358084368493
0,-0.14657527446163143,-0.9319040969642102,1.094750416317632,-0.39603862416290486,0.2950189178404599,0.6434203126352628,0.37446854229002197
0,-0.0715301459384372,-1.3779393212318067,0.15705617091400345,0.3691443098118215,-0.33836421172043957,0.7166873584598633,0.8391855953107626
0,-0.1736942244689473,-0.9727733274118037,0.18172953517599624,0.5851867715194011,0.7794620974011888,-0.5202127241116156,-0.19751285996435097
0,-0.4634448199527954,-1.8638581936498217,-0.03948998253144437,1.4123729496449924,-0.8169755197531713,-0.32546773163317316,0.07981519729589819
0,0.44570199652993087,-1.2379052901489096,-0.28138778729306324,0.6129098851417895,0.4050915724841901,0.10463501337784428,0.15833527752893473
0,0.8398200946504157,-0.22042800900661202,0.9400918717356915,0.48952377631618593,0.471902228277183,-1.1991769917345272,0.5516047061263278
0,-0.25440752335260564,-1.521929360124757,-0.21969755086212214,0.723348364013997,-1.2074015456830065,0.04122796915980384,-0.26688240122432333
0,0.961302140615691,-1.8292791119530576,-0.4103638302870829,1.0097690194355944,-1.3742065360031157,1.2228715160895127,0.5276178435379844
0,0.3500073185198859,-0.8068055976059952,0.8119867314834208,-0.8772020371138369,0.0011997364132971214,-1.2667975015796413,0.645660240355392
0,-0.11263389009090073,-1.1280404433402245,0.397877229264342,-0.441340848209611,0.7622154014332876,0.6179854021457094,1.0359238184052388
0,0.8236326625765225,-0.6369588188409541,-0.16026327614111302,-0.49238997454184263,0.628237120982931,-1.5284456584517638,0.6568585063042817
0,0.07104600339977665,-1.265400815679422,-0.9502569685573103,0.4039543747866705,0.1168776850608484,-0.35232163777370223,-0.18750716189491967
0,-0.16397575427160538,-1.631269724687644,-0.8986209520620357,0.4295693096045167,0.05493681287170952,-0.22508848292085504,0.45493884507243343
0,-0.9041709872331158,-0.9372985445195046,-0.3008143226572514,-0.45607910962154713,0.9696965640661604,-0.615181906806315,0.30073657781341046
0,1.1635446960917433,-1.123577796635541,0.5239307912070764,0.7200558107559665,-1.6917313744648337,-0.29741311454538394,0.829438639306727
0,0.8002745768761692,0.01716423573406566,-1.2574350063883382,-1.1070417415935119,1.641420826052523,-0.20701813910302874,-0.810686884966479
0,-0.05727813712562565,-1.2969904625225634,0.7472911031435449,-0.15215215399582255,-0.11263353941134674,0.5334562498270546,0.3246960982498097
0,0.08592704552204485,-1.450141536927477,-0.540402092819991,1.0636573216008984,-0.18770369151935676,0.17908715758693053,0.5906197606423209
0,0.021201078410359314,-1.4350907215093316,0.27829624959819704,0.2385041103000852,-0.39083024526684546,0.3482667088230824,0.1242078508973364
0,0.8585857381582163,-0.8929778408670749,-0.18213985622623508,0.7244576934765883,0.01761010070879189,0.4539564333906172,-0.21572196591736623
0,0.7930935038870465,-0.7336699699132454,1.258423159740152,-0.706372656229564,0.33185904558055185,0.9158445176872321,-0.42002486055495897
0,-0.636953258103255,-1.6667310869505176,1.1412830682138464,0.2084951502695548,-0.260711655804188,0.2655832685340522,0.5916085241251197
0,0.48805118525831687,-0.7455441227548332,1.211600918148243,-0.8268838537083352,0.17849796688264322,0.672340170625712,-0.583415971387671
0,1.9996868305905138,-0.04851037949664206,-0.2851450413057677,0.296542244595244,0.19310050398446973,-1.0701801910689002,-0.2515476562418513
0,1.7705022915603,-0.013696657667067109,0.17502613128424946,-0.29216713284738816,-0.5275587187722404,-2.729053645353604,0.5392080457329543
0,-0.03193753525929041,-1.0807911055644581,1.1330167583294608,-0.32076217817244057,0.41739556078034074,0.6010777058119287,0.48038088784046423
0,2.6167051155397063,0.48708211759208364,-0.1770923406016857,-1.0171419762610665,-0.26502626163125736,-0.23701621183088215,-0.8897173318530822
0,-0.14015547738128808,-1.0150408680736651,0.7008057690867955,-0.4994730870412428,0.5396520831139482,0.3518820484281919,0.37674932825657553
0,-0.25283129446555475,-2.157453316632528,0.4521602502164213,1.063749945621274,-1.8260999616593159,0.7212137475758859,0.532394258741127
0,1.3143344064961597,-0.9270900864794489,-1.239595295730488,0.4880785417664307,-1.087891616461018,-0.9378019975292866,0.6502720351145774
0,-0.09819964734082473,-1.884452180548971,0.013929036039947667,0.7860877397859033,-1.1579027413314489,0.043040787225841155,-0.16642599250718176
0,0.03127775631515538,-1.5579343981884684,-0.310563496493247,0.9111154272910994,-0.8834460889616995,0.04350562631852111,-0.19632715530914932
0,-0.45118171284227554,-1.3225404589836018,0.6378752027072337,1.0389826279113574,-0.28016062709940437,0.1273559436899513,0.4041674394280337
0,0.058714044991852454,-0.7710560454784108,0.7953114216494288,-0.621639270836511,0.4415132731687931,0.30553506595814145,-0.2511507608238688
0,-0.21957279784905767,-1.5336351329696325,-1.7540832995035278,0.7993469300393888,-0.06901831577548573,-0.6597029262076786,0.18204967336390238
0,-0.7477074306942608,-1.1759315207393124,-0.4517509844933501,-0.29246353248010226,0.8365858976691359,-0.6231317615765205,0.32313049803917687
0,0.8288383101654712,-0.5393001527670661,0.008031155626605758,-0.714675761690765,1.1154068428831034,0.708130372527907,0.2198223333785672
0,1.9677672886561717,-0.5638847550210005,-1.0311230002886043,-0.08800470455313421,-0.10465852444454339,0.9523373157582351,-0.838140214957931
0,1.887604062236273,0.48114084114582806,-0.8171842097564102,-1.0941564095821208,1.5934452215159456,1.002166378106523,-0.579337055319157
0,1.3285904362729886,-0.8316515296428941,-0.2178561809878037,0.21258930157621528,-1.0878432725867477,0.7867585784490313,-1.2731230887019211
1,-1.0416329596825338,-0.3513677810753396,0.09908005167529071,-0.6287329721886574,0.3756707920887163,-0.42131468253313553,-0.4655368130995035
1,-0.9588822820128857,-0.564167496900422,1.0112233819386285,-0.5763369868628742,-0.17099738676752593,0.2120062155358996,-0.21496876900902046
1,-0.7571587008819239,-0.3781528113684193,0.4334251980806811,-0.643253260541941,0.20755131818937092,0.14621094171460317,-0.15095110577174942
1,-0.6964942491646606,-0.08567097126389513,-0.6805636436807433,-0.7287057863315336,0.8957199131352303,-0.4138304218645232,-0.31522281069479036
1,-0.5554351197509624,-0.19213812583641607,-0.1443729857772662,-0.7101695342210077,0.5861000231462674,0.08041566789330679,-0.08693344253447848
1,-0.9273720561676473,-0.3248519374221789,0.08521087635713405,-0.6448596460448379,0.39864706374469416,-0.27849774388762427,-0.36810113596697586
1,-1.4233843295085236,-0.7978755746759232,0.9440917718842301,-0.4204348868300619,-0.15175931934354245,-0.016909902389249918,0.16065609969973632
1,-1.0416329596825338,-0.3513677810753396,0.09908005167529071,-0.6287329721886574,0.3756707920887163,-0.42131468253313553,-0.4655368130995035
1,-0.5771309121868963,-0.11765970329983841,0.16621166172968888,-0.7846350722214697,0.3564327246647327,-0.19239856460798593,-0.8411616818082601
1,-0.9565262820396723,-0.37801821804845964,0.2731872125370643,-0.6279297794372092,0.2801229193110545,-0.20896033973202163,-0.35696179800189026
1,-0.518822460442846,-0.011327142047277037,-0.20974101063017148,-0.8184948054367274,0.5934810135320119,-0.33147337291919093,-0.8634403577384313
1,-0.9297280561408608,-0.5110012162741412,0.8232470457586984,-0.5932668534705029,-0.05247324233388639,0.14246881138029707,-0.22610810697410597
1,-1.1314516372718222,-0.6970159018061446,1.4010452296166462,-0.5263505797914361,-0.4310219472907832,0.20826408520159348,-0.2901257702113769
1,-1.566799458895435,-0.8775576989553646,1.1459372833823174,-0.3873783463662526,-0.29325973543316,-0.09018943687915847,0.07435976053229429
1,-1.0416329596825338,-0.3513677810753396,0.09908005167529071,-0.6287329721886574,0.3756707920887163,-0.42131468253313553,-0.4655368130995035
1,-0.9273720561676473,-0.3248519374221789,0.08521087635713405,-0.6448596460448379,0.39864706374469416,-0.27849774388762427,-0.36810113596697586
1,-1.0148347337837222,-0.48435077930102116,0.6491398848969248,-0.5940700462219514,0.043074630443775366,-0.06988553142081656,-0.3346831220717191
1,-0.9565262820396723,-0.37801821804845964,0.2731872125370643,-0.6279297794372092,0.2801229193110545,-0.20896033973202163,-0.35696179800189026
1,-1.1606058631438474,-0.7501821824324252,1.5890215657965756,-0.5094207131838072,-0.5495460917244228,0.2778014893571961,-0.2789864322462914
1,-1.5376452330234103,-0.8243914183290838,0.957960947202387,-0.4043082129738815,-0.17473559099952024,-0.15972684103476106,0.06322042256720883
1,-1.158249863170634,-0.5640329035804628,0.8509853963950116,-0.5610135057581422,-0.09842578564584208,-0.14316506591072528,-0.4209794612391613
1,-1.3335656519192347,-0.4522274539451185,-0.35787340605712453,-0.5228172792272833,0.6549334200359567,-0.646488670123979,-0.014754943188389913
1,-0.8133194528153472,-0.4900682775808751,0.809799834828372,-0.6106785038876659,-0.028415622863151614,0.28438534919875397,-0.13180486738652647
1,-0.2637107276768479,-0.283010636778494,1.0510386057445436,-0.7657774111690296,-0.14320156306479684,0.7256558099250172,-0.3988547209976701
1,-0.4681807422974738,-0.22437146776943048,0.030156139472337747,-0.7106513180305422,0.49163349818336255,0.2918696098673663,0.018509135018186566
1,-0.6332916641203192,-0.22957516951229467,0.5425862984773796,-0.7520603155671945,0.12046578361221054,-0.05422415712383507,-0.8220154434230372
1,-0.8692719045861836,-0.4102515599814744,0.44771633778666825,-0.6284115632467431,0.18565639434814976,0.002493602242037708,-0.2515192204492252
1,-0.3196631794476845,-0.2031939191790932,0.6889551087028399,-0.7835104705281069,0.07087045414650454,0.44376406296830095,-0.5185690740603688
1,-0.8133194528153472,-0.4900682775808751,0.809799834828372,-0.6106785038876659,-0.028415622863151614,0.28438534919875397,-0.13180486738652647
1,0.06169775686185426,0.674117007814519,-2.4927734310378167,-1.0551915290016167,2.062804637862399,-0.8811887463224533,-0.8053734965993509
1,-1.0126870339730951,-0.48993368426091594,0.6495618492847551,-0.595355022782934,0.044155978258532305,-0.07078593224787087,-0.3378155596166672
1,-0.5773392123494828,-0.30939188711169546,0.9046697955190836,-0.7343272562081172,-0.09360623359909084,0.22766758983288107,-0.7023010903603384
1,-0.9567345822022588,-0.5697504018603166,1.011645346326459,-0.5776219634238566,-0.16991603895276905,0.21110581470884535,-0.21810120655396847
1,-0.6407500975564105,-0.3572198726751527,0.4199779871503548,-0.6606649109591038,0.23160893766010557,0.2881274795330601,-0.056647866184169955
1,-0.755011001071297,-0.38373571632831366,0.43384716246851146,-0.6445382371029235,0.20863266600412772,0.1453105408875489,-0.15408354331669746
1,-0.5824416458123605,-0.25088731142259135,0.044025314790494444,-0.6945246441743615,0.4686572265273847,0.149052671221855,-0.07892654211434107
1,-0.3807180646813986,-0.06487262589058826,-0.5337728690674529,-0.7614409178534285,0.8472059314842814,0.08325739740055857,-0.014908878877070073
1,-0.0887853724446978,0.03598704697919057,-0.07681941133503763,-0.8673566108148025,0.5679433035370407,0.30843138499140194,-0.4656907487881833
1,-0.8692719045861836,-0.4102515599814744,0.44771633778666825,-0.6284115632467431,0.18565639434814976,0.002493602242037708,-0.2515192204492252
1,-0.49733496816949885,-0.2775377483957115,0.218132475652268,-0.6937214514229131,0.373109353749723,0.3614070140229687,0.02964847298327213
1,-0.5241331940683104,-0.14455475017002958,-0.3319273575693659,-0.728384377389619,0.7057055153946639,0.009977862910649952,-0.1012052180445121
1,-0.5300394613507015,1.3099178322966667,0.21808755927719897,-0.4670413245333483,0.13036585128162065,0.7920930006397147,0.37431407309849485
1,-1.6921118201656644,0.720521726548193,0.9552636520834457,-0.20350090255498784,-0.45976200588724186,0.1341668907861539,0.311348854432729
1,-0.9264186236929841,1.4963362977885473,-0.8404245812115989,-0.48798715489821937,0.726629359603569,-0.33921611752145653,-0.1797003403546564
1,-1.5445653441881326,0.8254816756784978,0.3873309613656434,0.12210649859129956,0.1496695015103608,0.21943072223909982,1.0150817927819282
1,-1.701760710422457,0.7100780393461472,0.9383201336335867,-0.2442154163208568,-0.4801499944656403,0.1410919754628884,0.3153798008605021
1,-0.8533168362801287,1.273092894761419,0.05477523060187964,-0.47630568333830514,0.15957319216892835,0.301029865224313,0.07489865016359949
1,-1.3030255481069608,0.7098088527062284,1.258796104720821,-0.2748623785303209,-0.6252931967090082,0.851434538356138,0.7274011853207834
1,-1.585143806934357,0.92274316185127,0.18641478891386612,-0.3119348827513721,-0.006053416731081818,-0.13705764115952193,0.27082244900015967
1,-1.5561971361639795,0.9540742234574073,0.2372453442634431,-0.18979134145376508,0.05511054900411341,-0.15783289518972551,0.25872960971684056
1,-1.7679427058058932,0.43243033689044114,1.6692782777254365,0.15918653731296328,-0.7207754866819128,0.7200427206817864,1.1011190513930729
1,-1.5666515701405173,1.330763231608104,-1.6388012106591185,-0.01574201252407656,1.3845062753124628,-0.9739315394090617,0.6002420437684041
1,-1.5658460264207719,0.9436305362553615,0.2203018258135841,-0.23050585521963407,0.034722560425715025,-0.150907810512991,0.2627605561446136
1,-1.5778509166507784,0.7470375702013543,0.9413944767652891,-0.2196275764111681,-0.43678573423126404,0.27698382943166505,0.4087845315652566
1,-1.3227557740861322,1.4012396874877975,-1.505372236705506,-0.46430368222003165,1.0606638831716746,-0.7628942785599447,0.1705684073143898
1,-1.7675275956025989,0.4761007749307278,1.1916644946664232,-0.11896027849750852,-0.6060551292850247,0.6225184204309887,1.1030260540295407
1,-0.8138176789225365,2.494433307183698,-0.7993423543045111,-0.11269295362875757,0.6010226685266452,0.9116834762923182,0.9568009776331509
1,2.146808676226453,4.112947371084493,-0.6243388207516842,-1.7018774132416543,-0.5398976486790723,-1.1244195742362586,0.28381510354457035
1,-0.8380436912776491,2.7820975419619685,-0.3033479159640492,0.6587410702992404,0.8598419381661222,0.142426234939016,-0.08566926099734193
1,-1.565129391146486,2.0365515696023535,0.2547673011224434,0.5292567519651056,0.1665385669146208,0.6820330674517656,1.1567039342904715
1,-1.544763758752203,1.896606113241975,0.7935314553775047,0.5367766687545654,-0.1796495871159192,1.0380789416819076,1.2902449229367712
1,-0.5501756569955901,3.050637885621569,-1.9010733966077586,-0.10273905015455737,1.4296436638375791,0.04517455329183855,0.09169092392871042
1,1.1760359977020505,3.553730918228997,-0.2068641034651015,-0.6632189569105797,0.021107720770609014,0.1631433961606252,0.2243074716922202
1,2.0936026579452807,3.948110234142829,0.6122583323367647,-1.7078202920601522,-1.339209397672827,-0.9067298473140281,-0.31728076877125555
1,1.2488882180641236,3.5901673719743568,0.5335781148829932,-0.5570933804884886,-0.34107964060863305,0.1445205719091107,-0.4263302002299552
1,-1.861900924710517,1.9104526951183403,0.2968291497832384,-0.20765734161032642,-0.42590481286286547,0.38181997425053743,0.3722224583470465
1,-0.79024523210294,2.5631685945088942,-1.2362916930838634,-0.29312493640114357,0.7646741985116899,0.7975389728173573,0.9490337088429631
1,-1.542169321771383,2.3320675565370967,1.3119635468745574,1.779695859615196,0.4112182228106412,-0.023863624722628766,0.09244069064649717
1,-0.6121229703600196,0.29973325831810677,0.06173417081364956,-0.43228168127106503,0.48466014627005166,0.3414315672802739,0.288596885824271
1,-0.5849516462070488,0.4919357739253435,-0.25938426401862197,-0.7203948741578892,0.529013326775842,-0.11229453898088838,-0.4829255816336751
1,-0.8548401244405007,0.16730962091858953,0.9162299652788338,-0.5212599731241979,-0.16433183432517645,0.14826277795374662,-0.5215871238312353
1,1.5589202018353363,1.450462466676766,2.0214980943321716,-0.14171618449999834,-0.7216406537321925,-1.912274904501134,0.3013344220800817
1,-1.309485726577698,-0.03411955063472229,0.6272349821447876,-0.46371676723075245,-0.06734559962435012,-0.13634057477353625,-0.14903970023201804
1,4.798819142386471,3.529067539762586,2.1964749181245007,0.6303179099556461,0.24366808870615822,-2.8377227675489576,-0.838374104634877
1,-0.9523421258298188,0.4281702252307304,-0.873501364162952,-0.5745678601820946,0.9242118160791427,-0.5567479540495799,-0.14474967324794794
1,-1.0305710233923955,0.23544463251364708,0.18498494588571232,-0.20491693078286724,0.4743070139597339,-0.257536526008709,-0.11726960841693171
1,-1.1711730306536643,0.10406714933382326,-0.4352550100818883,-0.456970695660806,0.6364182765917428,-0.1416759588946538,0.5606311871814217
1,0.09714191305460872,0.7491880852649239,0.001661386285195815,-0.8095489394832043,0.477438961479593,0.45839289145094414,-0.6590354321953633
1,-0.4500688001615418,0.4467646475218738,-0.5840490690376489,-0.6614135217331166,0.7811162230059762,0.3037868325794427,0.37030455354510816
1,-0.4816210379559156,0.4889641638362623,-0.05160104845104566,-0.6375201655942114,0.47370075724759875,0.08665983488028355,-0.3808462406191341
1,-0.03406077100064959,0.8879341460596338,-0.7563926446979294,-0.9264440857330969,0.8648070187453988,-0.0915404331090193,-0.8904022454652146
1,1.5453534576416281,1.267028645432033,1.3311539087259607,-1.330263295983829,-1.128568320089131,-1.5018258600036198,0.5994991571301712
1,-1.0237293177091886,0.12803615040410796,0.22333297695469856,-0.5291873598778797,0.21511455864750628,0.01066869461980819,0.02511919687534006
1,-0.022221423923155667,0.7811768173008673,-0.8451139191252365,-0.7536196535932682,1.0167261499500906,0.23696103419440692,-0.1330965610818934
1,-1.5450443313422066,1.5668422943833318,-1.7346459388921978,0.8965877820115673,-0.44120461522284005,-0.176906131362657,0.11352085384221884
1,-1.5125210066755759,1.4408603775289763,-1.0403622995304966,0.47422787222880985,-1.1639837008989233,0.10685148798449094,-0.3761394994212934
1,0.6169176561104636,2.2173268488249303,0.5814830842040192,-0.1610916419555582,-2.4514606781177504,0.22599877636266746,-0.7324080491196857
1,-2.112937738172899,0.9735998028442601,-0.38947560176489204,0.6164204111603995,-1.6596181883662948,0.16993515603522055,0.05210461400335185
1,-1.8732412613197083,1.1358835801240168,-0.18307903723488167,1.1295824162605166,-1.371598065191138,0.22272599388318293,0.09713798757482946
1,-0.11983360578225351,2.3056526997719975,-1.6243187815152276,-0.0605404723077165,-1.156556398071792,-1.1311035989068592,-0.20047243922288147
1,-1.2377082372036357,1.3268109466785143,0.1214648952032806,0.3389126021342098,-1.9311694287438737,0.7653090399355479,-0.6734897682839768
1,-0.995448587758358,1.1065277593013487,-0.11001303817858829,-0.5275423199319078,0.25303958600824245,-0.07360279919211873,-0.1796809375329377
1,-0.8134378973442756,1.2279846323889738,-0.24408447587723908,-0.397740805332241,0.4760919564114534,-0.028023603409148345,-0.10950838407658789
1,-1.9949735798253367,0.31435085742363356,1.0915759565536884,-0.03192669993732397,-0.47440104136649297,0.08429356333884214,0.7389179499171562
1,-1.1270243700677756,0.9200883062631405,0.003111198892191747,-0.32166134732827006,0.26345830112331686,0.1816191336213987,0.49132840768294134
1,-1.1999186023789836,1.165166928310412,-1.1308955044507938,-0.47241622679342016,0.8878746472564015,-0.5073889992497698,0.2376829184829188
1,0.06761367413277637,1.8619884055773663,-0.2850849803901839,-0.1973319638082198,0.507776617658491,-1.588663039357503,0.314224240067174
1,-1.7932499986943746,0.5003655429556365,0.5137777726957409,-0.09884297361639081,-0.09585233640959623,0.018498289517545723,0.8029356131544272
1,-0.2586360398977902,0.5460381312722414,0.17961575371397098,-0.43534325065412344,0.4205801105919597,1.0134291832408728,0.7979955186980237
1,-0.7206165442677022,0.8018296271614774,-1.2579234022663894,-0.5147366541439408,1.2105276475468103,-0.3928465972002798,0.1282976986099466
1,-0.7422703247545007,0.5947929739054233,-0.5537742697645435,-0.5445728891013437,0.7186313643114335,0.041970127421110365,0.27835262045836257
1,-0.3803973887979028,0.6733926602488537,-0.32268786728978827,-0.37245047523291125,0.7709759777377193,0.505332924129574,0.5616442576821656
1,-0.4044245045202066,1.0361953753667843,-2.0883976529720005,-0.7368530095844239,1.6694128028581299,-0.36458708250146415,0.29070454029797893
1,0.1357182087763036,0.7801709765539475,0.7114213105555363,-0.7302100496115066,0.012374623096005124,1.0529186421738013,-0.3126563584638831
1,-1.046207907221208,0.2973403349816364,-0.2896350765452536,-0.4277789173315036,0.5263856976016952,0.24468777977492284,0.8751584657901189
1,-1.19457507421448,2.211013429954099,-0.8938577905001348,-0.313376415317426,0.5992218817975224,-0.22514005614753108,0.25636007476306577
1,-1.080314170699594,2.2375292736072603,-0.9077269658182915,-0.32950308917360643,0.6221981534535002,-0.0823231175020198,0.35379575189559354
1,-1.6783749022237033,1.9564179777745068,-0.994876437454251,-0.23890334281635167,0.577683972064709,-0.4402060047192115,0.6400468363273687
1,-1.7756940251982183,1.764640229673475,-0.2090840558348123,-0.08975484885409854,0.1443633714869477,-0.1759065574502705,0.6765422953321645
1,-1.8048482510702435,1.7114739490471946,-0.02110771965488223,-0.07282498224646966,0.025839227053307916,-0.10636915329466787,0.6876816332972506
1,-1.3890057650618632,1.84929315277218,0.43892008120923526,-0.1541528352981554,-0.21005914065955641,0.2546966882649524,0.33030449409089163
1,-1.0924846040821121,1.7375860127404772,0.4457370616578118,-0.1349220994168459,-0.16889930465576564,1.1019616296907182,1.4031493871202003
1,-1.0731282906894877,-0.35320750667523765,-0.5730455672318717,-0.5736526062685361,0.8208004121148111,-0.4315498551947717,0.16494965341093196
1,-1.00971740548256,-0.3053795211117802,-0.08835375886314323,-0.6473149515175494,0.49558524085561473,-0.4920097448949507,-0.48070357076523657
1,0.4763538480833063,0.4967389784044612,0.4097565434888497,-1.2056134634726288,0.23118001175810737,0.0647413150247164,-2.264370739032761
1,-0.7201407132190721,-0.3906691270939639,1.106635868270836,-0.7016378519045887,-0.23479769317020635,0.15413079796381407,-0.7894924116834799
1,-1.0412276313277986,-0.5446950805900234,0.8376587467183509,-0.5787922923355857,-0.07405920965660541,-0.0015057854714267875,-0.3275712038072811
1,-1.2721054383307848,-0.7838760467483074,1.6034332667562288,-0.4949461520488899,-0.5711320590471418,0.13382689250547222,-0.3804495290794665
1,-0.4601086803440605,-0.09832188030939959,0.15288501205302849,-0.8024138587989134,0.38079930065396955,-0.050739284168687455,-0.7477534243763799
1,-0.4390180178120558,1.6255625452047775,-0.38930958454080555,-1.1372075194069486,-0.29529182491711103,-1.5073964976319243,-0.6816795662904268
1,-1.5157209340595295,0.97330075214692,-0.3970204617321787,-0.6854821224056694,0.09880584886863213,-0.1924197459163596,-0.6958932861190396
1,0.47735852164427217,1.830880077641341,1.1824669611082177,-1.0209132169483996,-0.9773567905173897,-0.4753861714607729,-1.2897658322419985
1,-1.4865667081875045,1.0264670327732006,-0.584996797912109,-0.7024119890132983,0.2173299933022719,-0.2619571500719622,-0.7070326240841251
1,-1.45741248231548,1.0796333133994818,-0.7729731340920389,-0.7193418556209271,0.3358541377359111,-0.3314945542275646,-0.718171962049211
1,-1.6591360634464414,0.8936186278674783,-0.19517495023409187,-0.6524255819418603,-0.04269456722098522,-0.2656992804062684,-0.7821896252864817
1,1.1566048996142055,2.3039169282176086,0.41829891153820525,0.16709005831032658,0.5797194943692636,-0.4919821293878236,1.1078802724552148
1,0.7353047034226418,1.922655434344057,-0.0019941812847188377,-0.49123835852321435,0.2533312768534238,-0.30225877543704943,1.755796260152922
1,-1.085273227840161,1.7762570170041638,-0.5303138232994243,0.0054121684605578785,0.6722778619600038,0.17425983268951242,1.0160083294042406
1,0.15697063985391874,1.4983414568391986,0.7294101095229303,-0.2537925710553589,0.18362781040806855,1.2509914100601685,0.7316066519268037
1,-1.083753170773414,1.1253775579683827,0.42747064834744686,0.45582947899920284,0.5511097354064144,0.020364938595522807,1.0344831970990274
1,-1.1018133830899755,0.9654516161838784,0.6595873921031734,0.16125826806008509,0.1806498528643393,0.35537615860201455,1.1851172804077035
1,-1.418953152908327,-0.23772202654406752,0.0021237861265136194,-0.27120205039957396,0.5124383447138908,-0.4725340535032108,0.6863369760392823
1,-1.477261604652377,-0.3440545877966291,0.37807645848637395,-0.23734231718431628,0.27539005584661164,-0.33345924519200565,0.7086156519694536
1,-1.3314904752922514,-0.07822318466522515,-0.5618052224132768,-0.3219916502224603,0.8680107780148099,-0.6811462659700186,0.6529189621440256
1,-1.0710680089007893,-0.21667907127368932,0.8211607409006326,-0.35938468400187085,0.019103699555348824,0.034531681044348846,0.35526945919086766
1,-1.418953152908327,-0.23772202654406752,0.0021237861265136194,-0.27120205039957396,0.5124383447138908,-0.4725340535032108,0.6863369760392823
1,-1.0255252111028315,-0.3932395682745482,0.10224478458401877,-0.6383702963960257,0.383780900699393,-0.4280676887360426,-0.4890300946866136
1,-0.5661255970700716,-0.101026914809943,-0.691268086090172,-0.7544697843950822,0.926806293401885,-0.27776648942191906,-0.24128041514937312
1,-1.0861896628200947,-0.6857214083790721,1.2162336263454434,-0.5529177706064331,-0.30438769424646667,0.1319736748430839,-0.3247583897635727
1,-0.44676226009230713,-0.13301564684588665,0.15550721932026035,-0.8103990702850185,0.3875191049313874,-0.05633463216538189,-0.7672192862628429
1,-0.7919889905391776,-0.4165642717435501,0.6202863426642025,-0.6229273844517157,0.08616932595958789,0.2181279766274206,-0.1315331828664442
1,-0.7628347646671524,-0.36339799111726945,0.43231000648427215,-0.6398572510593445,0.20469347039322763,0.14859057247181806,-0.14267252083152968
1,1.2460469881384006,0.7787611474270344,0.6215992465308027,-1.3879175962624934,0.1580984627390159,0.7951829420054295,-2.3242432337379824
1,-0.26917849129948984,-0.07652363271548764,0.3114652803587401,-0.8126892176997856,0.3039795474028835,0.307969286241365,-0.5294367275053722
1,-0.6838442270748069,1.9454242754506155,0.33835981717620317,-0.3548056489089767,-0.023305260399367814,0.5132437651284193,-0.09081368460429047
1,-0.8694447692589873,1.7578157743872598,0.9027298951875072,-0.22192959956192637,-0.7470567891789658,-0.9385480158026306,1.2816414546204442
1,-1.887424123559117,1.2555569806222506,0.0414525625772593,-0.08221075158637695,-0.0011904691290551964,0.13982962735093135,1.2470560614981274
1,-0.34304441824920134,2.1640080413910536,0.16361019256939174,-0.6743689967567134,-0.028547409359283252,0.5575058789593932,-0.5588897826995681
1,-0.9582686534955637,-0.565762612603249,1.0113439431922944,-0.5767041230231548,-0.17068843024902397,0.21174895815674122,-0.21586375116471987
1,-1.1308380087545002,-0.6986110175089714,1.401165790870312,-0.5267177159517169,-0.43071299077228115,0.2080068278224351,-0.2910207523670764
1,-0.9850668793943752,-0.4327796143775675,0.46128410997066027,-0.6113670489898609,0.16190773139591697,-0.13968019295557746,-0.3467174421925043
1,-1.1016837828824753,-0.6454447368826907,1.2131894546903812,-0.5436475825593455,-0.31218884633864147,0.13846942366683263,-0.3021600903321619
1,-0.9764760801518672,-0.45511123421714555,0.462971967521982,-0.6165069552337907,0.1662331226549446,-0.14328179626379461,-0.3592471923722963
1,-0.5119740326562296,-0.22140315644164443,0.53010357757638,-0.772409055266603,0.14699505523096104,0.08563432166135482,-0.7348720610810532
1,-0.48281980678420466,-0.16823687581536367,0.3421272413964499,-0.7893389218742317,0.26551919966460064,0.01609691750575231,-0.7460113990461386
1,-1.3049814335017134,-0.7821267620168447,0.9310363850283181,-0.439039729768137,-0.1266975911876762,0.12417054894694232,0.2520506472812928
1,-1.3026254335285,-0.5959774831648825,0.19300021562675385,-0.4906325223424718,0.32442271489090424,-0.2967960063209789,0.11005761828842284
1,-1.390088111144575,-0.7554763250437245,0.7569292241665444,-0.4398429225195854,-0.031149718410014553,-0.08818379385417142,0.14347563218367965
1,-1.3354175936723465,1.8413819721088125,0.3209075677209162,0.04604644121169036,-0.07169349242516423,0.6076844402209174,-0.19061888127902982
1,-1.9279607815302842,1.5454365386272422,0.6167887937545313,-0.18130324027528244,-0.5637507765435424,0.23089217136395426,-0.5258353424567849
1,-0.9886851309772746,2.0888020384407198,0.051574857724664955,-0.8696131502907456,-0.40975838671777787,0.5355128721613217,-1.2782555223473704
1,-1.4472178435195642,0.8397210306921882,-0.17464300221942042,-0.3792582952249199,0.2786885011911418,-0.3078570077348044,0.1773730514450559
1,-1.321159604876319,1.0409946213792134,-0.6707979369597749,-0.26718983998433027,0.7158128888056541,-0.5441695589085501,0.12783125183870683
1,-1.7344212005475468,0.3551712683003864,1.100226288830659,0.009630904556228888,-0.38126167313882453,0.35073918065885934,0.907156531595902
1,-2.777865529490576,1.845148490587727,1.1639595317052909,0.15178011594901622,-1.1343903374653874,0.4283484780321722,0.8105504198592647
1,-2.5735783932847536,2.2391476739918352,-0.3906817130837282,-0.10580235820962146,-0.24736114773146572,-0.10717550118244466,0.7335285554218992
1,-1.4984127354169026,2.5415920992812135,1.1404166456571347,-0.43887291819847596,-1.1577206326948717,0.9235177430367105,-0.41280636208130006
1,-1.5296594585956687,1.7663374905580254,-1.7867136551614269,0.7419743856626752,-1.5240390534808943,0.0873525428279494,-0.5597107828444062
1,-1.155391198892614,1.6107270095624346,0.05999691589334063,0.966601493837556,-2.464690217681266,1.0433717287386257,-0.7618316113015038
1,-0.08250211125182733,2.4059603730012933,-1.6006181861428168,0.6235220773561663,-1.3414861740417596,1.0725936636409743,-0.9467471391077056
1,-1.1478181783761598,-0.5911498705285221,0.8530349377073309,-0.567254820482914,-0.09317352483130854,-0.14753844135641753,-0.43619415788605176
1,-0.9776048230904368,-0.6444507444747617,1.201249259430878,-0.5656484349800172,-0.28426927038663213,0.27717024424581,-0.21904412769082526
1,-0.5982094532376606,-0.3840922297261407,1.0942737086235024,-0.7223537277642779,-0.20795946503295382,0.29373201936984566,-0.7032440114971954
1,-1.342437932945613,1.9669111954894032,-1.1271365269132325,1.2197401138125088,-1.6244771680680556,0.5526242813144182,0.04619784005697469
1,-0.8303140994709539,2.1873320522147037,-0.2588666500210178,1.6846308063247488,-1.7138558286953798,0.8932014262320921,-0.3524422647453484
1,0.22735380118756243,2.7824912205322057,-1.204036940588756,1.3388581640632025,-1.0689560759056527,1.3526233626380078,-0.38999016832164946
1,-0.132202525307023,-0.3189610907710244,-2.5197226559933488,0.8711631243514616,-0.7509573574694431,-0.315332585668381,-0.43322816125744806
1,1.6827183999137478,0.709612854199775,-2.590688354884315,0.28410768321562724,-0.5866536251828774,0.30920669283985436,-2.060816584392205
1,0.17667194747004963,-0.3833633223491163,-1.290845991959652,0.8982692514961607,-1.4405643143384672,0.31695778783691436,-0.7500788950312376
1,1.59410970891542,3.3939365356744178,-2.8549872092903628,-0.16798304765884,-0.561765833957705,0.2677260526893278,0.9229070965024337
1,0.21201118813703196,3.2571248211301227,-0.2546340633046421,1.8934129912936277,-0.8758309768857424,1.0340240165370163,-1.0382892094947844
1,2.666917432641055,4.566572307132364,1.015316802941838,1.9633227473680852,-2.1277495669898054,-2.6256224217888504,0.5925292017316961
1,-1.8812124088155369,0.9791963665162945,-0.46580339444641844,-0.18885968216426904,0.3825789853003802,-0.4161582334049062,0.8039709759699512
1,-1.6771328277113617,1.3513603309002595,-1.78163774770593,-0.3073687484176711,1.212247996335858,-0.902920062494124,0.7259956102143521
1,-1.293008122649867,1.2280287561268588,-0.15679054973081072,-0.18110053438215679,0.34934499941232894,-0.0025881113855809666,0.5207973366477151
1,-0.7202356044472996,-0.5374552186907461,0.9854742919878011,-0.6146480812198665,-0.11994706090028771,0.493395346070809,-0.03486462031300587
1,-1.0047098632479092,-0.5106701883976666,0.651129145582411,-0.6001277928665829,0.048172412999057924,-0.07413027817692962,-0.34945032764075984
1,-0.3384842346213101,-0.0909474250901626,0.1404625717788617,-0.8229461665784621,0.4074830505319709,0.08899056592692337,-0.6610575331122457
1,-1.8537514681055967,2.6908545213341584,0.44006899794104753,-0.028925916333725814,-0.6460021917201118,0.983389171499966,0.750117353097131
1,-0.995560638610257,2.0715000184308403,-0.34621035656982113,0.11357139556227483,0.5494671159987131,0.5591564756791407,1.1850001194763258
1,-2.156455655539094,2.535919346458676,0.5767139319912822,-0.16974376625445842,-0.9056228261648998,0.7996097601893072,0.5851964201267691
1,-0.9859873221703581,-0.4303869408233272,0.4611032680901616,-0.6108163447494399,0.16144429661816403,-0.13929430688683994,-0.34537496895895503
1,-1.1026042256584583,-0.6430520633284501,1.2130086128098825,-0.5430968783189245,-0.31265228111639437,0.13885530973557017,-0.30081761709861277
1,-1.216865129173345,-0.669567906981611,1.226877788128039,-0.5269702044627441,-0.3356285527723724,-0.003961628909941006,-0.3982532942311405
1,0.5736549865083359,2.1967635736375444,0.2173636619037427,-0.8349213579309464,-2.560041909962889,-3.046066435883385,1.7333684618633085
1,-1.9474872009049293,0.9026896108996724,0.59015354476221,0.030770162326200213,-1.6980558672469719,0.3909756276266187,-0.7834416461643184
1,-1.0357049746719007,-0.5590511219154665,0.8387437980013437,-0.582096517778112,-0.07127860099008763,-0.003821101883852087,-0.3356260432085761
1,-0.5688469272030494,-0.1391937652880027,0.1678392386541776,-0.7895914103852593,0.3606036376645092,-0.19587153922662384,-0.8532439409102026
1,-1.5565039546551334,-0.9082616150370945,2.4046104726336655,-0.2911117518120632,-1.1496294649786374,0.8696173411171806,0.4161768909661299
1,-0.791923880795506,-0.38127837321862473,2.2008254820888293,-0.5800936291210632,-0.9847770611242418,0.8985858405592113,-0.5546414445032738
1,-0.9869477631413125,-0.38264939612830506,-0.39872742417618307,-0.5734919017975787,0.7257932132445278,-0.21964571280718506,0.2719584497360714
1,-1.191027344245488,-0.7548133605122705,0.9171069290833282,-0.45498283554417696,-0.10387579779094933,0.2671161162820326,0.3499338154916702
1,-1.6688132452037503,0.8366240071434788,1.1014316464971972,-0.19803341240741956,-0.5943526505366552,0.37696778217418336,0.5449815122696362
1,-1.5521963417156506,1.0492891296486024,0.3495263017774762,-0.2657528788379348,-0.12025607280209696,0.09881816555177338,0.500424160409294
1,-1.4761152315634194,-0.7264332145163638,0.5826412214242721,-0.4400954110306128,0.0639347195898942,-0.3001522505865475,0.036243090319615694
1,-0.08064352261974364,0.5916434310551301,-2.2907169373458154,-1.0227774768182987,1.9218448956801608,-0.9549184812258888,-0.8932360545392669
1,-0.009068985169100097,2.501033300227354,-0.9111813162955074,0.7252066362077053,-1.6779374052312386,1.0776146952018975,-1.2081361226199507
1,-1.1406244284482034,1.953954947754559,-1.7991272089540165,0.8818687116820285,-1.3328709623854444,0.5066684804403769,0.10276512387164766
1,0.44434391781017274,1.1772324166522927,-0.4236904656319016,1.312300828295865,-0.9858195093763119,0.27105255481997387,-2.1352284874753544
1,-1.1007313466597792,0.2573138291926744,-1.7182670584585273,0.8434646027986497,-0.9507014456371093,-0.11575434252375824,-0.17966160373891985
1,-1.611274781321469,1.195035960357375,0.3382513506046793,-0.23670459742341235,-0.15338239573534282,0.12285096247553354,0.5666118476987702
1,-1.7278916848095691,0.9823708378522518,1.0901566953244004,-0.16898513099289697,-0.6274789734699011,0.4010005790979436,0.6111691995591123
1,-1.9119136474807972,1.343861472710157,-0.2580804251088538,-0.1647692936287026,0.09432431470284239,-0.017531738352178968,0.3468676203856183
1,-1.8407947617869957,1.2596543046639845,0.5039772880522837,-0.4242711483479838,-0.5469028166596474,0.23852554228803102,-0.15891651858898645
1,-0.7163402160665628,2.654524914935036,-0.6014919224963173,3.734180889866838,0.021143850326665988,-0.25267099085631695,-0.36929875111618726
1,-0.7213483234658364,2.0594411542037023,-0.49956062965176756,0.8170981460091219,-2.4932334642221097,-0.5636500231139451,0.5614444948887459
1,-0.7347739464159271,0.7882685590418,-1.5536953786457202,1.1181488691737076,-1.3332883245859664,0.23024305818540788,-0.6981365857934924
1,-1.288679561297559,0.25258279857578125,-0.7964755938177785,1.0982865457932693,-2.0060226391445934,0.5333814077441894,-0.1451936715601418
1,-0.9208315698692199,0.4498729904104215,-0.7385879263190736,0.475545910708885,-0.3448597036915923,-0.1445173472645815,0.1692859004303169
1,-1.2254124116863796,0.1517241056731649,-0.47557830099644083,0.5896255815610005,-0.5384645696398905,0.05866197740101319,0.7663604755239247
1,-1.373491345204162,1.0523028812885686,-1.13052488756937,0.314473098310456,-0.5499451157210532,-0.3178214941107462,-0.7992210449758119
1,-1.8982427342137689,0.56978340144883,-0.5612814389213578,0.2776809083223891,-1.1041552858460404,-0.08422054870756734,-0.2574174687075468
1,-1.4715605919208812,2.28238922121114,1.3643018867957568,1.8929098266861608,0.505086308340837,-0.057469176771319415,0.11612952878934975
1,-1.5692029813347703,1.9068435889640074,0.31013346010155196,-0.15383973142896776,-0.2996761764063124,0.638465022610692,0.5934699483734696
1,-0.44259226891989867,-0.8301065198137866,-0.7914729684216474,1.7518807619064662,-0.8243810066775861,-0.10576157307575115,0.2682529890404941
1,0.4741289475068891,-0.4955569110266653,-0.7882898188648056,1.511114709565998,-0.7619079817668574,0.6978848417698106,0.2843863020757343
1,-1.594936449333033,3.043388336729663,-1.5564036543491142,-0.23866978376721137,0.631574763174371,0.03058182776368639,0.06097930389533939
1,-1.508935156858232,2.8196907084878573,-0.26159192866595987,-0.5044415551977439,-0.3646231100802922,0.6457599243235382,-0.3116085372237146
1,-1.6212739525906472,1.8647771749260502,0.6525417239489815,0.9225665158166007,-1.2230272219746965,0.7114604663654629,-0.23474482272020206
1,0.47640063787263176,3.231902189172998,-0.571446846306295,0.19066219200156714,-0.33819434381591473,1.0662089817034175,-1.8290462988944287
1,-0.43854635179249774,0.30363164153866984,-0.9691186791221318,-0.8581728803581172,1.0526611755727595,-0.5936522640062356,-0.8350156716769874
1,-1.1071279803923106,-0.3022404006207965,0.2795840640829811,-0.5837617140719031,0.2422302319612663,-0.3358065528421675,-0.3814154372126318
1,-0.7785578825482133,-0.08554293511814892,0.4190721618590544,-0.15588709640780918,0.5234372394313972,-0.11448254056302529,-0.057231364996182706
1,-0.6505419262403382,2.2078214564242473,-0.8245456229547105,0.6809677985538919,-1.5582216801318078,1.280572132982503,0.04112091840645725
1,-0.7981757680744465,-0.14488668682500916,-0.6642229626624371,-0.7201054037611074,0.8790772501085427,-0.5619211367827809,-0.4310056220191565
1,-1.0326600581060985,0.3254444757464434,-0.8317680073383591,-0.48658104583666545,0.8792957503381403,-0.12365604401705832,0.6854596980250965
1,2.9717582811189036,4.512026694815506,5.3629384330241745,12.607324395142586,6.677924360304187,-1.7070554997352072,-1.0006934570058819
1,1.2674827118702487,3.735525317411084,4.999296890132155,7.145675759233208,2.145062975302048,0.9126285691114592,-0.5868856138572394
1,0.3790972938155896,1.7931745805091712,-1.5015799600227855,-0.09170142469637507,-0.543380012742423,0.5355294760735284,-1.8363938245651934
1,-0.7244361128403263,-0.3795033171741748,1.1057919394951752,-0.6990678987826238,-0.23696038879972023,0.15593159961792266,-0.7832275365935839
1,-1.4537658124151922,-0.84785162389655,1.131826985556829,-0.4027707479018716,-0.27090137681418597,0.053142016524669405,0.17358540197622072
1,-1.289402651677454,1.9206537650395976,-2.168968877624423,1.023655334948068,-1.4774168130578258,0.19669198090364343,0.09374842945764866
1,-0.8924432524143194,-0.47897021871031803,0.6368681461898402,-0.615061274201851,0.07014457596990424,0.06952274695084622,-0.24910595850220912
1,-0.5481141556479436,1.7570635272028976,0.14151052020935712,0.7572577105594807,1.016601333449381,-0.15768617925212758,-1.1481078760083154
1,-1.079834583317211,-0.7203219383449748,0.9026349474968426,-0.46927382859895395,-0.08244430872748132,0.4112193418233357,0.4518444034026949
1,0.753825876909139,1.6686650722811982,-1.2181690580477946,-0.1446880857816461,-0.10076510464670434,0.8334074109136704,-0.5120403443259915
1,-0.8639327523796542,0.33932807728427183,-1.02864036712273,-0.5347819529120534,1.033540622815964,-0.06098837641743215,0.7348380232699366
1,-0.9413088252513672,0.6902786754755839,0.2887804253521035,-0.5751325256262174,0.06500105837713507,0.016675007706595794,-0.3663609547117573
1,0.5998220292392965,3.114289348941654,0.3797193247765837,0.40913240192151623,-2.0309202422295884,-1.5426894793502228,0.9281503229253423
1,-0.4499838098082476,-0.12464128940604485,0.15487427273851473,-0.8084716054435448,0.385897083209252,-0.05498403092480047,-0.7625206299454208
1,-2.0091305047930077,3.211863241538968,-1.8273207318826825,-0.31694968804459217,0.6005900421797967,-0.39108632785218694,0.25848797463397205
1,-1.7679477328722182,2.1529282638262335,-1.5852416682276054,1.0383935373966455,-1.6181166875874675,0.06411988700309579,-0.08133390103796238
1,-0.7442505216427454,2.0173453736680806,-1.660803066111065,1.1671836076919642,-2.027235663528653,0.786290778115518,-0.3567059429284
1,-0.7229420397419927,-0.33814623529046106,0.24644349224349404,-0.6632120004718854,0.3286243539006515,0.07455116418094408,-0.16947404652135542
1,-1.0608706151813323,-0.6225856546101227,1.0275037823301016,-0.5675530362123076,-0.18779452805346442,0.06404412930722107,-0.3303040892555368
1,-0.5864956524657453,-0.5915332468312088,-1.0399880476756131,0.3266811570943582,-0.31338280651861167,-0.4759218367307921,-0.506008720593728
1,-1.145398739369061,1.4758599685031217,0.21527206298957857,-0.4559011769761661,-0.10189194233258846,0.2865240001048829,0.020578386065456533
1,-0.9436949762091663,-0.6036466105453903,1.0142072729668579,-0.5854236068298213,-0.16335071293460215,0.20563909540173003,-0.2371195773625815
1,-0.39531889391290925,1.313023069695038,-0.15824252464946656,0.2226787755459571,0.0056780711720868324,0.5750929680536967,0.36846788330085734
1,-0.5115687043014941,-0.41473045595632824,1.2686822726194407,-0.7224683754135311,-0.3027349465143607,0.5054432187230634,-0.596906451788831
1,-1.4988235063869473,2.0090203838219973,-0.09273722795300011,0.42347489903027496,0.35901249666680407,0.5206934567614435,0.7265870799913638
1,-1.515753514076212,1.3279254841742294,-0.22820919919446908,0.14159053058467158,0.43380607015385075,0.07705325985360792,-0.17711332347173198
1,2.7059547576975715,1.009861213653833,0.5719143129350394,-0.31825565184288956,1.0501252015029887,1.077334293833358,-2.0394694410805223
1,0.51937507118243,0.7234172181286944,-0.5974448680026472,0.12447232494625982,-1.5483960406554167,-0.7625127524309883,0.25074404067903067
